{
    "tasks": [
        {
            "type": "cppbuild",
            "label": "C/C++: server.cpp build active file",
            "command": "d:\\Computer Science and Engineerign_masters\\advanced computer Network and Its Programming\\ChatSystem\\server.cpp",
            "args": [
                "-fdiagnostics-color=always",
                "-g",
                "${file}",
                "-o",
                "${fileDirname}\\${fileBasenameNoExtension}.exe"
            ],
            "options": {
                "cwd": "d:\\Computer Science and Engineerign_masters\\advanced computer Network and Its Programming\\ChatSystem"
            },
            "problemMatcher": [
                "$gcc"
            ],
            "group": {
                "kind": "build",
                "isDefault": true
            },
            "detail": "Task generated by Debugger."
        }
    ],
    "version": "2.0.0"
}